{"Rogers Park": 0.6166317414266397, "West Ridge": 0.13727206689856564, "Uptown": 0.7936973911228555, "Lincoln Square": 0.8657211885818913, "North Center": 0.7308197016949819, "Lake View": 0.5583451053591381, "Lincoln Park": 0.4773902744281547, "Near North Side": 0.48819481297048023, "Edison Park": 0.021465286826431125, "Norwood Park": 0.07972919583733953, "Jefferson Park": 0.28674451150552993, "Forest Glen": 0.03919746523760953, "North Park": 0.09760440398798856, "Albany Park": 0.42209327460714147, "Portage Park": 0.2294556288281333, "Irving Park": 0.4746596854326686, "Dunning": 0.07836702536693617, "Montclare": 0.0, "Belmont Cragin": 0.4158162214779572, "Hermosa": 0.4034769731824222, "Avondale": 0.5583354346495161, "Logan Square": 0.6218828967208324, "Humboldt Park": 0.35450777962741753, "West Town": 0.7271358784474147, "Austin": 0.4432362669766713, "Garfield Park": 0.9553546946430068, "Near West Side": 0.7945696080799574, "North Lawndale": 0.6716633608221507, "South Lawndale": 0.7110651793035762, "Lower West Side": 0.44122286595847476, "Loop": 0.6962643278957443, "Near South Side": 0.3961196755840201, "Armour Square": 0.22406520535688726, "Douglas": 0.5579702492465572, "Oakland": 0.40256771881213776, "Fuller Park": 0.034913710641156656, "Grand Boulevard": 0.1852621117047951, "Kenwood": 0.1771790066174738, "Washington Park": 0.3012803093247081, "Hyde Park": 0.2891486825708, "Woodlawn": 0.2891542918005661, "South Shore": 0.12875111172311832, "Chatham": 0.14914732115946217, "Avalon Park": 0.2059057419625308, "South Chicago": 0.38378711168998064, "Burnside": 0.060384427428404976, "Calumet Heights": 0.15916860002053132, "Roseland": 0.2497282993469709, "Pullman": 0.42527506384726077, "South Deering": 0.17485786103106898, "East Side": 0.2886325651681663, "West Pullman": 0.2592347602268011, "Riverdale": 0.0, "Hegewisch": 0.1834341071133781, "Garfield Ridge": 0.0, "Archer Heights": 0.0, "Brighton Park": 0.19212376221575986, "Mckinley Park": 0.08675061208947815, "Bridgeport": 0.2237835637254214, "New City": 0.3298056526491013, "West Elsdon": 0.03539111287596668, "Gage Park": 0.027482983619670505, "Clearing": 0.02987623826745425, "West Lawn": 0.01847266434725963, "Chicago Lawn": 0.17390942396279882, "Englewood": 0.22106087946945996, "Grand Crossing": 0.30057202776219155, "Ashburn": 0.025211113238092785, "Auburn Gresham": 0.373562685868896, "Beverly": 0.22389694795876156, "Washington Heights": 0.3230781700624403, "Mount Greenwood": 0.0, "Morgan Park": 0.03760193082147072, "O'Hare": 0.0, "Edgewater": 1.0}