{"Rogers Park": 0.502025792233011, "West Ridge": 0.14937617707097384, "Uptown": 0.6983636419862631, "Lincoln Square": 0.6884487375306451, "North Center": 0.6595819635785413, "Lake View": 0.5022648223701051, "Lincoln Park": 0.5206200328969758, "Near North Side": 0.5272474815173398, "Edison Park": 0.021060016822106297, "Norwood Park": 0.09941965885978574, "Jefferson Park": 0.3776787324185979, "Forest Glen": 0.05152394677754433, "North Park": 0.09421450741026423, "Albany Park": 0.43280349659177964, "Portage Park": 0.20361272962715543, "Irving Park": 0.42345418277717645, "Dunning": 0.07495413092949893, "Montclare": 0.0, "Belmont Cragin": 0.3893332082314474, "Hermosa": 0.325027084179651, "Avondale": 0.5836323656924604, "Logan Square": 0.6161029141573777, "Humboldt Park": 0.405515893220156, "West Town": 0.7397398499352763, "Austin": 0.4053761747331445, "Garfield Park": 0.9999999999999999, "Near West Side": 0.842621174415506, "North Lawndale": 0.5892603405178365, "South Lawndale": 0.6136476494320003, "Lower West Side": 0.4482615545081021, "Loop": 0.7063242227862063, "Near South Side": 0.45335757826788625, "Armour Square": 0.2492604969320377, "Douglas": 0.6527108987862278, "Oakland": 0.5074290457939623, "Fuller Park": 0.04002336523663101, "Grand Boulevard": 0.24400439842718186, "Kenwood": 0.24336735148634683, "Washington Park": 0.32376145762604763, "Hyde Park": 0.30499613653193103, "Woodlawn": 0.35580827745576704, "South Shore": 0.17684836141168142, "Chatham": 0.16861310689477296, "Avalon Park": 0.2628663109709176, "South Chicago": 0.4539732030408948, "Burnside": 0.06683989288160748, "Calumet Heights": 0.17957989162417773, "Roseland": 0.2902171865767099, "Pullman": 0.4603332636166966, "South Deering": 0.22934292009542437, "East Side": 0.3098990876722978, "West Pullman": 0.2359909573832187, "Riverdale": 0.0, "Hegewisch": 0.20041781195144395, "Garfield Ridge": 0.0, "Archer Heights": 0.0, "Brighton Park": 0.14306706640586134, "Mckinley Park": 0.10142538916223537, "Bridgeport": 0.2334328462592555, "New City": 0.33957601132121606, "West Elsdon": 0.034722919779630206, "Gage Park": 0.02696409798909564, "Clearing": 0.02931216738828241, "West Lawn": 0.018606111501077764, "Chicago Lawn": 0.2286100617719651, "Englewood": 0.2574766187238363, "Grand Crossing": 0.37296257207237543, "Ashburn": 0.024758499820616165, "Auburn Gresham": 0.40356211121140556, "Beverly": 0.17837394439854112, "Washington Heights": 0.3098437045634558, "Mount Greenwood": 0.0, "Morgan Park": 0.03689199692727859, "O'Hare": 0.0, "Edgewater": 0.7822941402329706}