{"Rogers Park": 0.9427981193164402, "West Ridge": 0.5885922929876143, "Uptown": 0.9416419538369477, "Lincoln Square": 0.9714020257251584, "North Center": 0.9950774773488253, "Lake View": 0.9310728057210903, "Lincoln Park": 0.9711287601971379, "Near North Side": 0.9084794645471804, "Edison Park": 0.18260740068464457, "Norwood Park": 0.4717301117704149, "Jefferson Park": 1.0, "Forest Glen": 0.2644608448093356, "North Park": 0.5330659880829963, "Albany Park": 0.8279481911795996, "Portage Park": 0.753901439833587, "Irving Park": 0.9352633021816877, "Dunning": 0.2658012363115685, "Montclare": 0.1591979625919511, "Belmont Cragin": 0.9736485518771261, "Hermosa": 0.7222521264545408, "Avondale": 0.960000964445838, "Logan Square": 0.9822692373704549, "Humboldt Park": 0.6654116852117341, "West Town": 0.9636516078027992, "Austin": 0.7498323703416054, "Garfield Park": 0.9760940165234268, "Near West Side": 0.9900657515120943, "North Lawndale": 0.9772590461173918, "South Lawndale": 0.8905110362718599, "Lower West Side": 0.9319273235341649, "Loop": 0.9347741284113749, "Near South Side": 0.952225435136493, "Armour Square": 0.6837807104243818, "Douglas": 0.8438324165764316, "Oakland": 0.9533541147447837, "Fuller Park": 0.08298097294573457, "Grand Boulevard": 0.6480661699749006, "Kenwood": 0.3115084242239377, "Washington Park": 0.5846185216480407, "Hyde Park": 0.7034425164311088, "Woodlawn": 0.6255370743143113, "South Shore": 0.5123902712653501, "Chatham": 0.6627218485365622, "Avalon Park": 0.4659103457095673, "South Chicago": 0.7927724350381404, "Burnside": 0.4512807890391492, "Calumet Heights": 0.4956732027850099, "Roseland": 0.8131672504064269, "Pullman": 0.6872537135733264, "South Deering": 0.42165474350348336, "East Side": 0.7980901032480264, "West Pullman": 0.5425345255867066, "Riverdale": 0.08301586898749805, "Hegewisch": 0.5972871318952224, "Garfield Ridge": 0.008289098872143703, "Archer Heights": 0.0, "Brighton Park": 0.5922819074706699, "Mckinley Park": 0.4192082136347653, "Bridgeport": 0.8474849839461213, "New City": 0.5192571517788056, "West Elsdon": 0.23083057762359074, "Gage Park": 0.18080628150233832, "Clearing": 0.289575135871123, "West Lawn": 0.24528969214865678, "Chicago Lawn": 0.34143540488749474, "Englewood": 0.6371828743075904, "Grand Crossing": 0.8253596851855884, "Ashburn": 0.1839845644497958, "Auburn Gresham": 0.8258276326993276, "Beverly": 0.6524864773415041, "Washington Heights": 0.7223052123366489, "Mount Greenwood": 0.0, "Morgan Park": 0.4603262270433453, "O'Hare": 0.0, "Edgewater": 0.9797704988543577}