{"Rogers Park": 0.6161452643242136, "West Ridge": 0.152575294617751, "Uptown": 0.7870163169902671, "Lincoln Square": 0.9064660740257796, "North Center": 0.7608145640398605, "Lake View": 0.5874279063415306, "Lincoln Park": 0.5081632896291275, "Near North Side": 0.4882913873774145, "Edison Park": 0.020613577565198368, "Norwood Park": 0.08765539417809738, "Jefferson Park": 0.3041993300288086, "Forest Glen": 0.04229911972839556, "North Park": 0.11059487458122948, "Albany Park": 0.4528834802404418, "Portage Park": 0.2319388161636798, "Irving Park": 0.48555727679046107, "Dunning": 0.07894869494217277, "Montclare": 0.0, "Belmont Cragin": 0.44434382698934066, "Hermosa": 0.4239111611221916, "Avondale": 0.553773532304645, "Logan Square": 0.6357224460136138, "Humboldt Park": 0.35756295260190796, "West Town": 0.7108327479236484, "Austin": 0.4532076268895665, "Garfield Park": 0.9375546201081523, "Near West Side": 0.7733455539980257, "North Lawndale": 0.6696467888084634, "South Lawndale": 0.7414870910271026, "Lower West Side": 0.4646850215590685, "Loop": 0.6398025651351715, "Near South Side": 0.38959279508511224, "Armour Square": 0.22385817887877718, "Douglas": 0.550159977348762, "Oakland": 0.4409537316629118, "Fuller Park": 0.03944023569076095, "Grand Boulevard": 0.19977667280558337, "Kenwood": 0.18805259041710312, "Washington Park": 0.30466646570728717, "Hyde Park": 0.26534885942674763, "Woodlawn": 0.31545165488399357, "South Shore": 0.13665264615778075, "Chatham": 0.15282205680636574, "Avalon Park": 0.2168310729704906, "South Chicago": 0.4147192061796196, "Burnside": 0.05683222092415621, "Calumet Heights": 0.17525851549014357, "Roseland": 0.26802518356765914, "Pullman": 0.3984152116447521, "South Deering": 0.18884525254771795, "East Side": 0.3097228862409965, "West Pullman": 0.25812800211560344, "Riverdale": 0.0, "Hegewisch": 0.18847514621329456, "Garfield Ridge": 0.0, "Archer Heights": 0.0, "Brighton Park": 0.1980642784444856, "Mckinley Park": 0.08533200626044297, "Bridgeport": 0.23595354521975132, "New City": 0.3097768986743838, "West Elsdon": 0.03130257256548876, "Gage Park": 0.02430802591842422, "Clearing": 0.026424801040543, "West Lawn": 0.0165559769509364, "Chicago Lawn": 0.18222777990629246, "Englewood": 0.22834751316995291, "Grand Crossing": 0.3238534894201685, "Ashburn": 0.025298652600596803, "Auburn Gresham": 0.3971688774387046, "Beverly": 0.22418937060123023, "Washington Heights": 0.3071925116244845, "Mount Greenwood": 0.0, "Morgan Park": 0.0332579868925477, "O'Hare": 0.0, "Edgewater": 1.0}