{"Rogers Park": 0.9550303949525504, "West Ridge": 0.5322271728375728, "Uptown": 0.9610842079221679, "Lincoln Square": 0.9890354953631719, "North Center": 0.9866867894626834, "Lake View": 0.8998968196848365, "Lincoln Park": 0.951973038048177, "Near North Side": 0.9067210675247672, "Edison Park": 0.16552587658892196, "Norwood Park": 0.2970748066170467, "Jefferson Park": 0.8082037762789227, "Forest Glen": 0.08125739295751326, "North Park": 0.4392753594572625, "Albany Park": 0.7382743994163549, "Portage Park": 0.6659112015749936, "Irving Park": 0.7723982861153736, "Dunning": 0.24583574306390227, "Montclare": 0.10664519665798157, "Belmont Cragin": 0.9461472236908177, "Hermosa": 0.6838970874449862, "Avondale": 0.954363513246563, "Logan Square": 0.9876270602941211, "Humboldt Park": 0.6526781333999503, "West Town": 0.9528840254015857, "Austin": 0.7301252286401447, "Garfield Park": 0.9905752866436077, "Near West Side": 0.9922123659504515, "North Lawndale": 0.9707081244732491, "South Lawndale": 0.8925151359825854, "Lower West Side": 0.8983368202764801, "Loop": 0.9346165639177493, "Near South Side": 0.9629601000351442, "Armour Square": 0.667194526263175, "Douglas": 0.8519500359027228, "Oakland": 0.9441829990540944, "Fuller Park": 0.0846942963099664, "Grand Boulevard": 0.6559382491154181, "Kenwood": 0.31794019577868843, "Washington Park": 0.5760239127364928, "Hyde Park": 0.6294638555753761, "Woodlawn": 0.5784589840325031, "South Shore": 0.37630170513377587, "Chatham": 0.5792522240068957, "Avalon Park": 0.4457915392441882, "South Chicago": 0.6162336411567598, "Burnside": 0.31858062059709075, "Calumet Heights": 0.3992586398830886, "Roseland": 0.7583129610257843, "Pullman": 0.6243488690944891, "South Deering": 0.360004680099456, "East Side": 0.7614832567997355, "West Pullman": 0.5161562535897406, "Riverdale": 0.06122049211844351, "Hegewisch": 0.5753685508720138, "Garfield Ridge": 0.008001057341113688, "Archer Heights": 0.0, "Brighton Park": 0.5472697944251845, "Mckinley Park": 0.34098918662129774, "Bridgeport": 0.8091596032862948, "New City": 0.47733214846235095, "West Elsdon": 0.18730625232407497, "Gage Park": 0.15151052040517937, "Clearing": 0.281979550249964, "West Lawn": 0.2322757718646984, "Chicago Lawn": 0.338979983399953, "Englewood": 0.5721626466839317, "Grand Crossing": 0.8189042629031865, "Ashburn": 0.16830048247095777, "Auburn Gresham": 0.7596611023748141, "Beverly": 0.49716763794477475, "Washington Heights": 0.5771115495158765, "Mount Greenwood": 0.0, "Morgan Park": 0.32683990242112654, "O'Hare": 0.0, "Edgewater": 0.9999999999999999}