{"Rogers Park": 35.924568807144986, "West Ridge": 77.5838479984875, "Uptown": 41.40221248333102, "Lincoln Square": 52.882450870730864, "North Center": 50.3300503741521, "Lake View": 76.01154775972056, "Lincoln Park": 82.7214435852338, "Near North Side": 72.37269379326051, "Edison Park": 27.5792900116055, "Norwood Park": 106.40548459438739, "Jefferson Park": 60.63830278473008, "Forest Glen": 66.76744924574993, "North Park": 37.856009907360786, "Albany Park": 48.152513306315505, "Portage Park": 91.99756384536626, "Irving Park": 86.49033295681592, "Dunning": 78.13278440284984, "Montclare": 22.99929311080423, "Belmont Cragin": 86.62234632792203, "Hermosa": 26.316586050226803, "Avondale": 53.98087497993059, "Logan Square": 100.4095434809427, "Humboldt Park": 94.64860408452363, "West Town": 105.9937693433312, "Austin": 149.69940053801372, "Garfield Park": 78.5631852552472, "Near West Side": 151.40953522830623, "North Lawndale": 72.68121425517425, "South Lawndale": 76.09171808426908, "Lower West Side": 58.6619862276003, "Loop": 56.53528959095308, "Near South Side": 39.112186817923906, "Armour Square": 39.970239108510555, "Douglas": 37.309861769820515, "Oakland": 13.544635254020646, "Fuller Park": 26.75607415039798, "Grand Boulevard": 43.03151105798934, "Kenwood": 20.78524921311662, "Washington Park": 28.782482977889057, "Hyde Park": 31.149177453200316, "Woodlawn": 32.840902478845344, "South Shore": 76.79416067655022, "Chatham": 67.18186873152325, "Avalon Park": 34.043468867229805, "South Chicago": 59.195176907454474, "Burnside": 9.300609119317153, "Calumet Heights": 45.72280656006031, "Roseland": 108.46830362185065, "Pullman": 36.09093231897093, "South Deering": 75.53527464440502, "East Side": 54.266795308593245, "West Pullman": 78.07620890468894, "Riverdale": 35.70951406167848, "Hegewisch": 40.42783312403267, "Garfield Ridge": 83.38861837413828, "Archer Heights": 33.86025318873304, "Brighton Park": 54.23305328390401, "Mckinley Park": 33.04289262646322, "Bridgeport": 52.09549671296229, "New City": 82.47009865051108, "West Elsdon": 26.362596726847404, "Gage Park": 43.89271985545711, "Clearing": 49.48866813319244, "West Lawn": 53.30690519239405, "Chicago Lawn": 75.05755539878626, "Englewood": 152.6288028501528, "Grand Crossing": 85.35634097722613, "Ashburn": 98.09728675624469, "Auburn Gresham": 86.75937623243142, "Beverly": 61.55267483173928, "Washington Heights": 73.9959262788746, "Mount Greenwood": 46.230899657091356, "Morgan Park": 75.34416631416005, "O'Hare": 135.97580940825495, "Edgewater": 39.22515545665896}