{"Rogers Park": 0.9550303949525504, "West Ridge": 0.5322271728375728, "Uptown": 0.9610842079221679, "Lincoln Square": 0.9890354953631719, "North Center": 0.98178650744595, "Lake View": 0.8590185290927989, "Lincoln Park": 0.8579807828363893, "Near North Side": 0.871941748176625, "Edison Park": 0.0, "Norwood Park": 0.0065815862583509, "Jefferson Park": 0.3428280014620606, "Forest Glen": 0.058631584392112364, "North Park": 0.4392753594572625, "Albany Park": 0.7276258830698058, "Portage Park": 0.509300167401176, "Irving Park": 0.6456547883226184, "Dunning": 0.24583574306390227, "Montclare": 0.10664519665798157, "Belmont Cragin": 0.9461472236908177, "Hermosa": 0.6838970874449862, "Avondale": 0.8917248018906249, "Logan Square": 0.9876270602941211, "Humboldt Park": 0.6526781333999503, "West Town": 0.9367913581553059, "Austin": 0.7301252286401447, "Garfield Park": 0.9905752866436077, "Near West Side": 0.9731873100288856, "North Lawndale": 0.9707081244732491, "South Lawndale": 0.8925151359825854, "Lower West Side": 0.8861121700662214, "Loop": 0.9346165639177493, "Near South Side": 0.9554978722981496, "Armour Square": 0.6442544015400603, "Douglas": 0.8519500359027228, "Oakland": 0.9441829990540944, "Fuller Park": 0.0846942963099664, "Grand Boulevard": 0.6559382491154181, "Kenwood": 0.31794019577868843, "Washington Park": 0.5760239127364928, "Hyde Park": 0.6294638555753761, "Woodlawn": 0.5784589840325031, "South Shore": 0.2798290064739067, "Chatham": 0.5792522240068957, "Avalon Park": 0.3544304850451891, "South Chicago": 0.5699741041981211, "Burnside": 0.31858062059709075, "Calumet Heights": 0.3175567294117979, "Roseland": 0.7583129610257843, "Pullman": 0.5807602927430324, "South Deering": 0.3227812858552862, "East Side": 0.724334730232597, "West Pullman": 0.5161562535897406, "Riverdale": 0.0585417952312397, "Hegewisch": 0.5753685508720138, "Garfield Ridge": 0.008001057341113688, "Archer Heights": 0.0, "Brighton Park": 0.5472697944251845, "Mckinley Park": 0.34098918662129774, "Bridgeport": 0.710109617163166, "New City": 0.47733214846235095, "West Elsdon": 0.18730625232407497, "Gage Park": 0.15151052040517937, "Clearing": 0.281979550249964, "West Lawn": 0.2322757718646984, "Chicago Lawn": 0.338979983399953, "Englewood": 0.5721626466839317, "Grand Crossing": 0.810060335919592, "Ashburn": 0.16830048247095777, "Auburn Gresham": 0.7536290856316298, "Beverly": 0.49716763794477475, "Washington Heights": 0.5771115495158765, "Mount Greenwood": 0.0, "Morgan Park": 0.32683990242112654, "O'Hare": 0.0, "Edgewater": 0.9999999999999999}