{"Rogers Park": 57.81500714894159, "West Ridge": 124.85913890169883, "Uptown": 66.63042286062758, "Lincoln Square": 85.10608134388451, "North Center": 80.99838964829723, "Lake View": 122.32876616340407, "Lincoln Park": 133.1273000916261, "Near North Side": 116.47259655384707, "Edison Park": 44.384578635960644, "Norwood Park": 171.24308117756925, "Jefferson Park": 97.58791894814865, "Forest Glen": 107.45182708196863, "North Park": 60.92336125657745, "Albany Park": 77.4939823492173, "Portage Park": 148.05577319406, "Irving Park": 139.19274146494755, "Dunning": 125.74256668375229, "Montclare": 37.01378582329113, "Belmont Cragin": 139.40519645738541, "Hermosa": 42.352452963248695, "Avondale": 86.87382414037764, "Logan Square": 161.59354633695924, "Humboldt Park": 152.3222102166397, "West Town": 170.58048950358352, "Austin": 240.9179065936674, "Garfield Park": 126.43522992744626, "Near West Side": 243.67010244814486, "North Lawndale": 116.96911226171524, "South Lawndale": 122.4577878341105, "Lower West Side": 94.40734477083788, "Loop": 90.98475723996305, "Near South Side": 62.944982655971884, "Armour Square": 64.32588438873162, "Douglas": 60.04442075639274, "Oakland": 21.797984222019767, "Fuller Park": 43.05974071914843, "Grand Boulevard": 69.25252555717815, "Kenwood": 33.45062645845497, "Washington Park": 46.32093061615212, "Hyde Park": 50.12975734818702, "Woodlawn": 52.852325710156, "South Shore": 123.58825995508356, "Chatham": 108.11877080121738, "Avalon Park": 54.78766931065306, "South Chicago": 95.26543225778879, "Burnside": 14.967884113222459, "Calumet Heights": 73.58374716563907, "Roseland": 174.56286762956535, "Pullman": 58.08274335134876, "South Deering": 121.56227864577687, "East Side": 87.3339684481465, "West Pullman": 125.6515172170715, "Riverdale": 57.46890997757939, "Hegewisch": 65.06231079988069, "Garfield Ridge": 134.20101416728215, "Archer Heights": 54.49281216653664, "Brighton Park": 87.27966590636514, "Mckinley Park": 53.17739744285334, "Bridgeport": 83.83960099998598, "New City": 132.72279950385692, "West Elsdon": 42.42649999251237, "Gage Park": 70.63850719691956, "Clearing": 79.64431576818428, "West Lawn": 85.78917457105987, "Chicago Lawn": 120.79346380630294, "Englewood": 245.6323240868222, "Grand Crossing": 137.3677577119404, "Ashburn": 157.8723286993514, "Auburn Gresham": 139.62572478025433, "Beverly": 99.05945857102968, "Washington Heights": 119.08493682337058, "Mount Greenwood": 74.40144399576317, "Morgan Park": 121.25471950599568, "O'Hare": 218.83192071766294, "Edgewater": 63.126788113154554}